,Unnamed: 0,Date,close,high,low,open,volumefrom,volumeto,candlestick_pattern,candlestick_match_count
0,0,2019-02-07,3375.33,3406.54,3369.1,3394.89,28811.35,97390901.92,NO_PATTERN,0.0
1,1,2019-02-08,3660.03,3735.1,3363.32,3375.33,89444.22,317023029.42,NO_PATTERN,0.0
2,2,2019-02-09,3652.26,3673.71,3616.11,3660.03,25880.75,94200588.34,NO_PATTERN,0.0
3,3,2019-02-10,3685.14,3689.32,3611.46,3652.26,30046.26,109365095.98,NO_PATTERN,0.0
4,4,2019-02-11,3611.34,3688.59,3608.18,3685.14,40461.58,146354074.39,NO_PATTERN,0.0
5,5,2019-02-12,3617.41,3648.67,3574.22,3611.34,45717.05,164816438.53,NO_PATTERN,0.0
6,6,2019-02-13,3605.87,3655.89,3590.01,3617.41,40664.15,146822348.57,NO_PATTERN,0.0
7,7,2019-02-14,3588.72,3619.7,3567.39,3605.87,32779.35,117804856.32,NO_PATTERN,0.0
8,8,2019-02-15,3593.49,3640.65,3575.95,3588.72,36251.38,130398989.33,NO_PATTERN,0.0
9,9,2019-02-16,3617.24,3639.75,3592.04,3593.49,24003.59,86973822.79,NO_PATTERN,0.0
10,10,2019-02-17,3670.92,3706.17,3608.18,3617.24,36849.32,134218331.16,CDLBELTHOLD_Bull,2.0
11,11,2019-02-18,3912.57,3952.44,3661.42,3670.92,98728.99,376203280.43,CDLBELTHOLD_Bull,1.0
12,12,2019-02-19,3924.24,4010.91,3882.52,3912.57,74127.62,292137057.43,CDLHIGHWAVE_Bull,2.0
13,13,2019-02-20,3974.05,3992.31,3898.91,3924.24,53048.95,209282292.49,NO_PATTERN,0.0
14,14,2019-02-21,3937.04,4026.54,3900.28,3974.05,47433.87,187314178.85,CDLHIKKAKE_Bear,1.0
15,15,2019-02-22,3983.53,3996.15,3917.66,3937.04,43006.55,170405341.81,NO_PATTERN,0.0
16,16,2019-02-23,4149.09,4192.39,3948.48,3983.53,57002.5,231174632.28,CDLHIKKAKE_Bear,1.0
17,17,2019-02-24,3771.62,4221.62,3755.38,4149.09,80391.72,319071544.94,CDLHIKKAKE_Bear,1.0
18,18,2019-02-25,3845.51,3885.06,3771.53,3771.62,48406.42,185036583.31,NO_PATTERN,0.0
19,19,2019-02-26,3817.88,3852.66,3791.9,3845.51,33253.08,126868886.89,NO_PATTERN,0.0
20,20,2019-02-27,3830.72,3851.84,3699.53,3817.88,46011.1,175069054.72,CDLLONGLEGGEDDOJI_Bull,4.0
21,21,2019-02-28,3823.37,3909.86,3798.0,3830.72,44353.45,170646670.66,CDLRICKSHAWMAN_Bull,5.0
22,22,2019-03-01,3831.48,3866.12,3822.67,3823.37,26522.34,101774924.71,CDLLONGLEGGEDDOJI_Bull,3.0
23,23,2019-03-02,3842.94,3846.38,3790.74,3831.48,19283.71,73894412.97,CDLLONGLEGGEDDOJI_Bull,7.0
24,24,2019-03-03,3812.31,3853.28,3788.04,3842.94,16769.86,64065044.79,NO_PATTERN,0.0
25,25,2019-03-04,3731.28,3831.01,3705.14,3812.31,39278.22,147245676.28,NO_PATTERN,0.0
26,26,2019-03-05,3874.18,3893.52,3720.49,3731.28,43262.3,165062256.27,CDLBELTHOLD_Bull,2.0
27,27,2019-03-06,3874.98,3916.29,3839.39,3874.18,33536.95,129520549.49,CDLRICKSHAWMAN_Bull,5.0
28,28,2019-03-07,3882.61,3911.76,3853.2,3874.98,37619.38,146201726.67,CDLRICKSHAWMAN_Bull,6.0
29,29,2019-03-08,3868.02,3932.02,3804.98,3882.61,39428.25,153405087.61,CDLHIGHWAVE_Bear,2.0
30,30,2019-03-09,3947.74,3975.25,3860.66,3868.02,27600.01,108370246.04,CDLBELTHOLD_Bull,1.0
31,31,2019-03-10,3929.84,3948.21,3897.82,3947.74,17404.16,68252920.53,NO_PATTERN,0.0
32,32,2019-03-11,3874.89,3941.99,3849.45,3929.84,32708.55,126998648.6,CDLHIKKAKE_Bull,1.0
33,33,2019-03-12,3888.57,3904.7,3827.23,3874.89,33655.37,130291591.54,CDLSPINNINGTOP_Bull,1.0
34,34,2019-03-13,3878.44,3898.25,3853.06,3888.57,27922.69,108286926.77,NO_PATTERN,0.0
35,35,2019-03-14,3881.44,3922.21,3825.03,3878.44,34554.38,133931876.12,CDLRICKSHAWMAN_Bull,5.0
36,36,2019-03-15,3927.08,3935.1,3876.17,3881.44,32133.02,125588541.02,CDLBELTHOLD_Bull,3.0
37,37,2019-03-16,4027.01,4069.11,3924.98,3927.08,41319.81,166216280.52,CDLBELTHOLD_Bull,1.0
38,38,2019-03-17,3998.0,4030.38,3970.97,4027.01,17033.6,68146133.16,NO_PATTERN,0.0
39,39,2019-03-18,3988.85,4038.99,3964.31,3998.0,27416.92,109428478.54,CDLHIGHWAVE_Bear,2.0
40,40,2019-03-19,4024.14,4032.04,3972.47,3988.85,29686.2,118919147.36,NO_PATTERN,0.0
41,41,2019-03-20,4056.75,4064.95,3995.49,4024.14,36862.09,148490744.9,CDLHIKKAKE_Bear,1.0
42,42,2019-03-21,3996.93,4082.29,3953.53,4056.75,44251.52,178077036.22,NO_PATTERN,0.0
43,43,2019-03-22,4000.84,4018.21,3984.0,3996.93,22671.75,90726555.79,CDLRICKSHAWMAN_Bull,5.0
44,44,2019-03-23,4007.21,4019.36,3982.47,4000.84,18486.22,74094017.72,CDLRICKSHAWMAN_Bull,4.0
45,45,2019-03-24,3994.11,4010.3,3970.35,4007.21,16111.98,64375076.75,CDLHAMMER_Bull,1.0
46,46,2019-03-25,3924.55,4005.29,3887.68,3994.11,34191.84,136398998.18,NO_PATTERN,0.0
47,47,2019-03-26,3942.22,3943.2,3902.52,3924.55,23873.14,93805733.55,NO_PATTERN,0.0
48,48,2019-03-27,4045.98,4054.32,3932.79,3942.22,37132.4,149005782.26,CDLHIKKAKE_Bear,1.0
49,49,2019-03-28,4036.45,4046.44,4014.69,4045.98,25343.13,102296341.19,NO_PATTERN,0.0
50,50,2019-03-29,4111.38,4122.89,4031.22,4036.45,41843.31,170915132.77,CDLBELTHOLD_Bull,2.0
51,51,2019-03-30,4118.13,4146.88,4066.87,4111.38,24906.26,102400533.82,CDLRICKSHAWMAN_Bull,5.0
52,52,2019-03-31,4112.69,4129.43,4098.79,4118.13,13792.73,56727425.19,CDLRICKSHAWMAN_Bull,5.0
53,53,2019-04-01,4151.32,4164.33,4082.2,4112.69,36921.55,152826759.02,NO_PATTERN,0.0
54,54,2019-04-02,4906.93,5104.42,4147.7,4151.32,172473.31,814748125.73,CDLBELTHOLD_Bull,1.0
55,55,2019-04-03,4976.59,5335.7,4831.59,4906.93,159843.43,809158339.99,CDLADVANCEBLOCK_Bear,2.0
56,56,2019-04-04,4913.36,5071.98,4799.77,4976.59,74544.88,370109007.61,CDLSPINNINGTOP_Bear,1.0
57,57,2019-04-05,5047.23,5074.13,4897.61,4913.36,56130.82,280722247.3,CDLBELTHOLD_Bull,1.0
58,58,2019-04-06,5057.25,5240.19,4938.0,5047.23,54180.91,275839573.8,CDLRICKSHAWMAN_Bull,5.0
59,59,2019-04-07,5201.16,5266.04,5044.28,5057.25,47200.43,243329883.48,CDLBELTHOLD_Bull,1.0
60,60,2019-04-08,5294.09,5347.88,5141.23,5201.16,69803.56,366577921.18,NO_PATTERN,0.0
61,61,2019-04-09,5201.3,5294.09,5159.13,5294.09,48552.25,253577595.39,NO_PATTERN,0.0
62,62,2019-04-10,5318.6,5460.94,5178.61,5201.3,65813.81,349643837.46,CDLHIKKAKE_Bear,1.0
63,63,2019-04-11,5048.56,5343.66,4987.65,5318.6,69622.86,356811374.12,CDLBELTHOLD_Bear,2.0
64,64,2019-04-12,5081.5,5118.61,4927.62,5048.56,43762.94,220667543.59,CDLRICKSHAWMAN_Bull,4.0
65,65,2019-04-13,5080.66,5128.96,5056.19,5081.5,23342.24,118956124.9,CDLRICKSHAWMAN_Bull,6.0
66,66,2019-04-14,5165.59,5186.82,5031.2,5080.66,21193.03,108148233.81,NO_PATTERN,0.0
67,67,2019-04-15,5037.27,5195.31,4969.31,5165.59,40402.46,205867031.18,NO_PATTERN,0.0
68,68,2019-04-16,5212.81,5232.03,5029.16,5037.27,40370.0,207311534.31,CDLBELTHOLD_Bull,3.0
69,69,2019-04-17,5236.26,5270.76,5190.81,5212.81,37225.68,194699629.15,NO_PATTERN,0.0
70,70,2019-04-18,5289.75,5317.78,5232.99,5236.26,35511.12,187312150.44,CDLADVANCEBLOCK_Bear,1.0
71,71,2019-04-19,5295.53,5353.01,5212.18,5289.75,30109.97,158699049.55,CDLRICKSHAWMAN_Bull,5.0
72,72,2019-04-20,5326.18,5366.6,5274.45,5295.53,23214.49,123577001.56,NO_PATTERN,0.0
73,73,2019-04-21,5305.74,5348.59,5232.77,5326.18,25466.81,134681237.4,CDLSPINNINGTOP_Bear,1.0
74,74,2019-04-22,5394.67,5444.76,5265.73,5305.74,45346.65,242498187.66,NO_PATTERN,0.0
75,75,2019-04-23,5539.1,5626.83,5371.31,5394.67,66448.85,368556751.66,NO_PATTERN,0.0
76,76,2019-04-24,5454.58,5633.0,5390.98,5539.1,61651.16,339093001.24,NO_PATTERN,0.0
77,77,2019-04-25,5162.67,5521.61,5031.69,5454.58,70755.72,374798664.87,NO_PATTERN,0.0
78,78,2019-04-26,5234.09,5361.94,5104.18,5162.67,70191.21,366773360.18,NO_PATTERN,0.0
79,79,2019-04-27,5229.48,5282.97,5192.45,5234.09,21692.98,113430273.96,CDLRICKSHAWMAN_Bull,5.0
80,80,2019-04-28,5272.45,5313.7,5218.42,5233.47,25294.87,133564683.52,CDLHIKKAKE_Bear,1.0
81,81,2019-04-29,5237.96,5299.51,5162.81,5272.45,31947.44,167206787.27,NO_PATTERN,0.0
82,82,2019-04-30,5350.64,5372.23,5224.64,5237.96,32567.46,172540196.26,CDLBELTHOLD_Bull,1.0
83,83,2019-05-01,5389.54,5417.17,5346.7,5350.64,27410.57,147345369.73,NO_PATTERN,0.0
84,84,2019-05-02,5500.72,5531.15,5387.29,5389.54,35089.37,192256639.91,CDLBELTHOLD_Bull,1.0
85,85,2019-05-03,5753.38,5891.9,5484.78,5500.72,75434.86,432335283.61,CDLBELTHOLD_Bull,1.0
86,86,2019-05-04,5840.08,5901.36,5596.15,5753.38,45628.34,263390273.68,CDLADVANCEBLOCK_Bear,1.0
87,87,2019-05-05,5794.14,5849.5,5709.74,5840.08,25481.48,147662500.76,NO_PATTERN,0.0
88,88,2019-05-06,5748.17,5823.67,5644.15,5794.14,34979.71,200316185.51,CDLHIKKAKE_Bull,1.0
89,89,2019-05-07,5819.57,6031.54,5748.17,5748.17,59556.89,353043890.95,NO_PATTERN,0.0
90,90,2019-05-08,5998.71,6032.25,5753.08,5819.57,40967.62,241917027.36,CDLHIKKAKE_Bull,1.0
91,91,2019-05-09,6171.96,6194.91,5988.65,5998.71,51005.27,310336580.16,CDLBELTHOLD_Bull,1.0
92,92,2019-05-10,6358.29,6444.57,6133.21,6171.96,68160.13,430403405.14,NO_PATTERN,0.0
93,93,2019-05-11,7191.36,7394.94,6357.02,6358.29,135248.42,933141315.95,CDLBELTHOLD_Bull,1.0
94,94,2019-05-12,6977.63,7541.61,6793.21,7191.36,142892.25,1023203366.46,NO_PATTERN,0.0
95,95,2019-05-13,7806.36,8127.75,6873.42,6977.63,149082.57,1140302646.6,NO_PATTERN,0.0
96,96,2019-05-14,7980.13,8297.02,7631.34,7806.36,122383.06,976094121.29,CDLSPINNINGTOP_Bull,1.0
97,97,2019-05-15,8183.83,8263.29,7849.92,7980.13,86162.62,694202804.31,NO_PATTERN,0.0
98,98,2019-05-16,7874.11,8352.25,7679.05,8183.83,95341.68,762104107.69,NO_PATTERN,0.0
99,99,2019-05-17,7371.96,7930.98,6668.67,7874.11,141482.93,1023961962.83,CDLBELTHOLD_Bear,1.0
100,100,2019-05-18,7266.08,7491.67,7213.72,7371.96,41327.89,303317486.98,NO_PATTERN,0.0
101,101,2019-05-19,8193.14,8281.66,7257.26,7266.08,91218.12,723011166.2,CDLBELTHOLD_Bull,2.0
102,102,2019-05-20,7998.29,8193.14,7591.85,8193.14,80672.83,637617163.27,NO_PATTERN,0.0
103,103,2019-05-21,7947.93,8102.32,7807.77,7998.29,45005.01,357803946.85,CDLRICKSHAWMAN_Bull,5.0
104,104,2019-05-22,7626.89,8033.76,7533.66,7947.93,54216.74,424501866.33,CDLHIKKAKE_Bull,1.0
105,105,2019-05-23,7876.5,7971.26,7478.74,7626.89,50121.07,386766321.19,NO_PATTERN,0.0
106,106,2019-05-24,7996.4,8165.45,7801.57,7876.5,51604.15,413162746.86,NO_PATTERN,0.0
107,107,2019-05-25,8059.13,8140.82,7948.68,7996.4,22294.65,179206342.03,NO_PATTERN,0.0
108,108,2019-05-26,8726.23,8779.0,7894.53,8059.13,57648.95,483663699.62,CDLCLOSINGMARUBOZU_Bull,1.0
109,109,2019-05-27,8785.17,8931.53,8668.46,8726.23,57692.17,507164714.76,NO_PATTERN,0.0
110,110,2019-05-28,8718.85,8818.71,8562.2,8785.17,41445.13,360752199.95,CDLHAMMER_Bull,1.0
111,111,2019-05-29,8664.56,8760.48,8444.1,8718.85,44056.71,380343928.72,NO_PATTERN,0.0
112,112,2019-05-30,8276.25,9065.89,8027.21,8664.56,95189.06,815525590.67,NO_PATTERN,0.0
113,113,2019-05-31,8550.67,8570.78,8116.0,8276.25,60143.23,502056527.56,CDLCLOSINGMARUBOZU_Bull,1.0
114,114,2019-06-01,8555.87,8619.21,8459.65,8550.67,26884.15,229736992.43,CDLRICKSHAWMAN_Bull,6.0
115,115,2019-06-02,8737.91,8819.9,8547.48,8555.87,25506.14,221708083.06,NO_PATTERN,0.0
116,116,2019-06-03,8114.49,8740.24,8073.18,8737.91,63486.15,534972187.72,CDLCLOSINGMARUBOZU_Bear,4.0
117,117,2019-06-04,7677.47,8114.49,7463.94,8114.49,103552.9,809220381.24,CDLBELTHOLD_Bear,1.0
118,118,2019-06-05,7791.29,7917.14,7591.88,7677.47,49771.65,387021977.02,NO_PATTERN,0.0
119,119,2019-06-06,7807.36,7872.1,7467.52,7791.29,44397.47,342084400.02,CDLLONGLEGGEDDOJI_Bull,5.0
120,120,2019-06-07,8002.63,8127.63,7767.37,7807.36,51105.14,407241297.23,CDLHIKKAKE_Bull,1.0
121,121,2019-06-08,7933.78,8058.91,7796.46,8002.63,23469.94,186055499.51,NO_PATTERN,0.0
122,122,2019-06-09,7643.44,7964.75,7535.9,7933.78,30301.73,234551796.21,CDLBELTHOLD_Bear,2.0
123,123,2019-06-10,8021.0,8061.5,7533.53,7643.44,43154.98,339520552.04,NO_PATTERN,0.0
124,124,2019-06-11,7917.32,8049.78,7724.58,8021.0,35850.45,282632009.38,NO_PATTERN,0.0
125,125,2019-06-12,8174.14,8250.0,7834.57,7917.32,49460.34,399065678.38,CDLHIKKAKE_Bear,1.0
126,126,2019-06-13,8235.57,8326.2,8053.65,8174.14,38536.25,315594036.87,CDLSPINNINGTOP_Bull,1.0
127,127,2019-06-14,8693.96,8724.42,8180.39,8235.57,50383.98,424131990.84,CDLCLOSINGMARUBOZU_Bull,1.0
128,128,2019-06-15,8853.56,8905.14,8621.48,8693.96,38140.15,333656492.38,NO_PATTERN,0.0
129,129,2019-06-16,8979.18,9372.89,8800.96,8853.56,84289.2,767025702.52,CDLADVANCEBLOCK_Bear,1.0
130,130,2019-06-17,9336.01,9468.85,8976.99,8979.18,65486.04,606269265.79,CDLBELTHOLD_Bull,1.0
131,131,2019-06-18,9081.71,9357.22,8941.83,9336.01,51829.13,473016555.83,CDLBELTHOLD_Bear,1.0
132,132,2019-06-19,9280.54,9313.18,9045.47,9081.71,32012.68,293070485.25,NO_PATTERN,0.0
133,133,2019-06-20,9536.85,9600.28,9219.81,9280.54,45144.43,424436854.57,CDLHIKKAKE_Bear,1.0
134,134,2019-06-21,10218.87,10230.86,9536.85,9536.85,77828.7,765543626.6,CDLBELTHOLD_Bull,3.0
135,135,2019-06-22,10689.54,11207.97,10086.32,10218.87,115793.98,1240328392.49,CDLADVANCEBLOCK_Bear,1.0
136,136,2019-06-23,10855.99,11285.51,10513.81,10689.54,57082.02,619160985.99,CDLADVANCEBLOCK_Bear,2.0
137,137,2019-06-24,11035.74,11100.92,10555.71,10855.99,52118.36,565444720.43,NO_PATTERN,0.0
138,138,2019-06-25,11740.34,11778.22,10992.37,11035.74,84123.73,953962631.15,CDLBELTHOLD_Bull,4.0
139,139,2019-06-26,12913.28,13826.76,11679.1,11740.34,211449.88,2685872365.1,NO_PATTERN,0.0
140,140,2019-06-27,11154.09,13314.05,10335.34,12913.28,202428.68,2345027203.81,NO_PATTERN,0.0
141,141,2019-06-28,12355.06,12433.0,10772.75,11154.09,120700.97,1408438810.31,CDLCLOSINGMARUBOZU_Bull,1.0
142,142,2019-06-29,11884.1,12362.9,11352.27,12355.06,81875.16,968516834.6,NO_PATTERN,0.0
143,143,2019-06-30,10769.05,12200.02,10677.83,11884.1,80893.36,917158052.37,CDLCLOSINGMARUBOZU_Bear,2.0
144,144,2019-07-01,10591.87,11207.0,10006.43,10769.05,115739.97,1225129699.57,CDLHIGHWAVE_Bear,2.0
145,145,2019-07-02,10844.13,10927.6,9678.1,10591.87,120994.95,1239524970.43,NO_PATTERN,0.0
146,146,2019-07-03,11981.61,12009.59,10841.91,10844.13,115565.16,1313585829.89,CDLBELTHOLD_Bull,3.0
147,147,2019-07-04,11156.52,12055.11,11067.68,11981.61,71141.03,831236841.56,CDLCLOSINGMARUBOZU_Bear,3.0
148,148,2019-07-05,10993.25,11435.38,10787.94,11156.52,66066.75,734424868.07,CDLSPINNINGTOP_Bear,1.0
149,149,2019-07-06,11248.94,11709.27,10985.4,10993.25,48172.2,549769169.13,NO_PATTERN,0.0
150,150,2019-07-07,11474.28,11605.43,11109.42,11248.94,36847.21,418161890.29,NO_PATTERN,0.0
151,151,2019-07-08,12296.16,12386.28,11339.02,11474.28,63847.27,762033323.29,CDLCLOSINGMARUBOZU_Bull,2.0
152,152,2019-07-09,12567.02,12808.06,12117.31,12296.16,79607.47,993891866.34,NO_PATTERN,0.0
153,153,2019-07-10,12099.12,13183.73,11569.94,12567.02,124523.09,1554955347.89,CDLSPINNINGTOP_Bear,1.0
154,154,2019-07-11,11343.12,12099.91,11002.39,12099.12,102929.11,1185222449.66,CDLBELTHOLD_Bear,1.0
155,155,2019-07-12,11797.37,11931.91,11096.61,11343.12,55994.89,647690095.15,NO_PATTERN,0.0
156,156,2019-07-13,11363.97,11835.87,10827.53,11797.37,59187.84,668325183.28,CDLHIKKAKE_Bull,1.0
157,157,2019-07-14,10204.41,11447.92,10118.85,11363.97,76310.21,814667763.32,CDLCLOSINGMARUBOZU_Bear,3.0
158,158,2019-07-15,10850.26,11070.18,9877.02,10204.41,92742.77,965178341.63,NO_PATTERN,0.0
159,159,2019-07-16,9423.44,11025.76,9366.82,10850.26,113537.84,1140137759.72,CDLCLOSINGMARUBOZU_Bear,1.0
160,160,2019-07-17,9696.15,9982.24,9086.51,9423.44,101032.08,965256823.84,CDLSPINNINGTOP_Bull,1.0
161,161,2019-07-18,10638.35,10776.54,9292.61,9696.15,102443.07,1033842556.65,NO_PATTERN,0.0
162,162,2019-07-19,10532.94,10757.41,10135.16,10638.35,62995.33,658190962.53,CDLRICKSHAWMAN_Bull,4.0
163,163,2019-07-20,10759.42,11094.32,10379.19,10532.94,56766.57,608954333.23,CDLHIKKAKE_Bear,1.0
164,164,2019-07-21,10586.71,10833.99,10329.89,10759.42,38379.41,405339891.1,CDLHAMMER_Bull,1.0
165,165,2019-07-22,10325.87,10676.6,10072.07,10586.71,50574.02,524442852.25,NO_PATTERN,0.0
166,166,2019-07-23,9854.15,10328.44,9820.61,10325.87,52754.02,529438124.08,CDLHIKKAKE_Bear,1.0
167,167,2019-07-24,9772.14,9920.54,9535.78,9854.15,54750.78,531611909.42,CDLLONGLEGGEDDOJI_Bull,5.0
168,168,2019-07-25,9882.43,10184.43,9744.7,9772.14,40285.56,403576364.36,NO_PATTERN,0.0
169,169,2019-07-26,9847.45,9890.05,9668.52,9882.43,31960.31,312717110.04,CDLLONGLEGGEDDOJI_Bull,5.0
170,170,2019-07-27,9478.32,10202.95,9310.47,9847.45,53081.42,512612117.07,NO_PATTERN,0.0
171,171,2019-07-28,9531.77,9591.52,9135.64,9478.32,28313.55,267243770.14,CDLLONGLEGGEDDOJI_Bull,5.0
172,172,2019-07-29,9506.93,9717.69,9386.9,9531.77,31434.4,299936368.39,CDLRICKSHAWMAN_Bull,5.0
173,173,2019-07-30,9595.52,9749.53,9391.78,9506.93,28856.19,276402322.56,CDLSPINNINGTOP_Bull,1.0
174,174,2019-07-31,10089.25,10123.94,9581.6,9595.52,42030.01,416343142.53,CDLBELTHOLD_Bull,3.0
175,175,2019-08-01,10409.79,10488.81,9890.49,10089.25,43505.11,442037342.05,NO_PATTERN,0.0
176,176,2019-08-02,10528.99,10666.64,10340.82,10409.79,44213.09,463688251.79,CDLADVANCEBLOCK_Bear,1.0
177,177,2019-08-03,10820.41,10915.0,10509.35,10528.99,34102.93,367536516.75,CDLBELTHOLD_Bull,1.0
178,178,2019-08-04,10978.91,11074.95,10572.24,10820.41,39795.33,431699306.35,NO_PATTERN,0.0
179,179,2019-08-05,11807.96,11945.38,10978.89,10978.91,74748.53,870917186.96,CDLBELTHOLD_Bull,1.0
180,180,2019-08-06,11467.1,12316.85,11224.1,11807.96,80694.71,949534020.01,NO_PATTERN,0.0
181,181,2019-08-07,11974.28,12138.55,11393.98,11467.1,70893.9,834719365.81,NO_PATTERN,0.0
182,182,2019-08-08,11982.8,12042.87,11498.04,11974.28,49871.24,588463519.89,CDLLONGLEGGEDDOJI_Bull,4.0
183,183,2019-08-09,11865.21,12027.57,11674.06,11982.8,39230.82,464214586.73,NO_PATTERN,0.0
184,184,2019-08-10,11293.59,11971.35,11232.42,11865.21,40869.27,470049694.45,CDLHIKKAKE_Bull,1.0
185,185,2019-08-11,11549.06,11584.35,11119.32,11293.59,25734.51,292814721.19,NO_PATTERN,0.0
186,186,2019-08-12,11387.41,11554.74,11240.38,11549.06,20181.72,229908138.9,NO_PATTERN,0.0
187,187,2019-08-13,10872.0,11439.48,10765.3,11387.41,43742.98,483240069.77,CDLBELTHOLD_Bear,2.0
188,188,2019-08-14,10031.89,10873.44,9924.58,10872.0,70125.86,728247545.72,CDLBELTHOLD_Bear,1.0
189,189,2019-08-15,10308.51,10451.61,9497.12,10031.89,84438.15,842979140.9,NO_PATTERN,0.0
190,190,2019-08-16,10360.43,10544.97,9764.32,10308.51,62357.48,635040831.46,CDLLONGLEGGEDDOJI_Bull,4.0
191,191,2019-08-17,10220.75,10474.64,10010.76,10360.43,24470.79,251018339.59,NO_PATTERN,0.0
192,192,2019-08-18,10326.25,10512.89,10079.46,10220.75,21614.15,223456175.83,CDLSPINNINGTOP_Bull,2.0
193,193,2019-08-19,10922.16,10937.26,10278.31,10326.25,39936.81,426168059.98,CDLBELTHOLD_Bull,3.0
194,194,2019-08-20,10770.76,10956.06,10576.37,10922.16,30891.56,332208752.04,NO_PATTERN,0.0
195,195,2019-08-21,10131.67,10805.7,9870.07,10770.76,57446.51,584554031.67,CDLBELTHOLD_Bear,1.0
196,196,2019-08-22,10104.11,10231.99,9777.06,10131.67,38005.1,380411207.72,CDLRICKSHAWMAN_Bull,5.0
197,197,2019-08-23,10410.49,10468.14,10053.67,10104.11,31466.97,324471966.33,NO_PATTERN,0.0
198,198,2019-08-24,10150.07,10430.99,9911.2,10410.49,28068.47,283755017.73,NO_PATTERN,0.0
199,199,2019-08-25,10141.75,10353.95,9907.03,10150.07,25686.72,259448931.12,CDLMATCHINGLOW_Bull,6.0
200,200,2019-08-26,10364.91,10626.93,10141.75,10141.75,42155.28,437989368.7,NO_PATTERN,0.0
201,201,2019-08-27,10175.47,10381.92,10038.26,10364.91,26481.68,269489962.47,NO_PATTERN,0.0
202,202,2019-08-28,9722.83,10281.59,9600.83,10175.47,49145.33,486936428.33,NO_PATTERN,0.0
203,203,2019-08-29,9492.81,9724.52,9344.69,9722.83,42711.51,406305621.25,NO_PATTERN,0.0
204,204,2019-08-30,9587.25,9699.85,9368.27,9492.81,28941.49,276606372.89,CDLSPINNINGTOP_Bull,1.0
205,205,2019-08-31,9624.54,9714.11,9512.03,9587.25,15427.47,148320616.41,CDLRICKSHAWMAN_Bull,6.0
206,206,2019-09-01,9768.36,9823.53,9578.66,9624.54,15485.86,149995549.7,NO_PATTERN,0.0
207,207,2019-09-02,10387.5,10459.0,9764.76,9768.36,42504.5,429220162.8,CDLBELTHOLD_Bull,1.0
208,208,2019-09-03,10625.1,10773.27,10296.3,10387.5,52101.71,550564712.84,NO_PATTERN,0.0
209,209,2019-09-04,10585.2,10827.14,10392.88,10625.1,41229.09,436210232.43,CDLRICKSHAWMAN_Bull,5.0
210,210,2019-09-05,10556.16,10659.6,10475.88,10585.2,23957.29,253210793.56,CDLRICKSHAWMAN_Bull,5.0
211,211,2019-09-06,10309.91,10938.39,10228.17,10556.16,54409.77,577987384.8,NO_PATTERN,0.0
212,212,2019-09-07,10491.96,10574.99,10304.22,10309.91,18864.32,197436363.34,NO_PATTERN,0.0
213,213,2019-09-08,10420.88,10595.71,10286.85,10491.96,18990.22,198370974.82,CDLSPINNINGTOP_Bear,1.0
214,214,2019-09-09,10314.88,10514.59,10101.87,10420.88,33044.44,340516851.61,NO_PATTERN,0.0
215,215,2019-09-10,10109.46,10395.1,9966.94,10314.88,26197.16,266382297.99,NO_PATTERN,0.0
216,216,2019-09-11,10165.01,10251.97,9874.13,10109.46,28189.47,283998084.25,CDLSPINNINGTOP_Bull,1.0
217,217,2019-09-12,10428.96,10472.07,10057.09,10165.01,26821.06,275877681.63,NO_PATTERN,0.0
218,218,2019-09-13,10372.29,10591.45,9855.34,10428.96,24372.25,251594742.18,CDLHIGHWAVE_Bear,2.0
219,219,2019-09-14,10365.56,10455.38,10251.96,10372.29,15570.76,161565882.04,CDLMATCHINGLOW_Bull,6.0
220,220,2019-09-15,10313.02,10401.53,10279.58,10365.56,11651.76,120645589.34,NO_PATTERN,0.0
221,221,2019-09-16,10271.79,10411.06,10103.87,10313.02,27381.87,280632567.99,CDLHIGHWAVE_Bear,2.0
222,222,2019-09-17,10198.62,10297.99,10152.47,10271.79,21680.68,221966422.11,NO_PATTERN,0.0
223,223,2019-09-18,10163.38,10272.19,10100.9,10198.62,21739.97,221697128.61,CDLSPINNINGTOP_Bear,2.0
224,224,2019-09-19,10281.03,10368.46,9641.11,10163.38,45685.81,456963432.6,NO_PATTERN,0.0
225,225,2019-09-20,10176.38,10321.18,10065.55,10281.03,20930.03,213229233.56,NO_PATTERN,0.0
226,226,2019-09-21,9988.38,10187.64,9944.61,10176.38,17868.39,179453539.43,CDLBELTHOLD_Bear,2.0
227,227,2019-09-22,10036.98,10096.66,9871.97,9988.38,17799.44,178007946.58,CDLSPINNINGTOP_Bull,1.0
228,228,2019-09-23,9694.6,10073.79,9636.2,10036.98,33287.92,327752087.22,NO_PATTERN,0.0
229,229,2019-09-24,8542.54,9787.58,8107.01,9694.6,121811.28,1084866143.86,NO_PATTERN,0.0
230,230,2019-09-25,8446.97,8752.2,8246.24,8542.54,74724.79,631898763.59,CDLHIGHWAVE_Bear,2.0
231,231,2019-09-26,8074.99,8471.02,7753.71,8446.97,80375.17,652614929.72,CDLBELTHOLD_Bear,2.0
232,232,2019-09-27,8201.36,8304.22,7888.5,8074.99,48376.65,390323710.89,NO_PATTERN,0.0
233,233,2019-09-28,8223.65,8345.03,8044.45,8201.36,29802.19,244186983.17,CDLRICKSHAWMAN_Bull,6.0
234,234,2019-09-29,8065.26,8265.99,7943.33,8223.65,28053.51,226712656.15,NO_PATTERN,0.0
235,235,2019-09-30,8314.62,8372.24,7736.96,8065.26,50440.1,407250929.38,NO_PATTERN,0.0
236,236,2019-10-01,8326.64,8537.6,8212.01,8314.62,42368.0,355446344.41,CDLRICKSHAWMAN_Bull,5.0
237,237,2019-10-02,8391.52,8403.51,8186.3,8326.64,24785.21,205325219.19,NO_PATTERN,0.0
238,238,2019-10-03,8246.3,8434.63,8105.02,8391.52,30435.91,250685863.87,NO_PATTERN,0.0
239,239,2019-10-04,8168.05,8267.11,8021.3,8246.3,26268.19,214500278.91,CDLHAMMER_Bull,1.0
240,240,2019-10-05,8172.48,8232.25,8052.51,8168.05,17371.63,141685742.42,CDLRICKSHAWMAN_Bull,5.0
241,241,2019-10-06,7868.31,8221.03,7822.65,8172.48,30026.91,239636660.01,CDLHIKKAKE_Bull,1.0
242,242,2019-10-07,8215.11,8326.01,7798.09,7868.31,39653.14,321239400.73,NO_PATTERN,0.0
243,243,2019-10-08,8191.87,8354.19,8126.71,8215.11,21060.16,173334218.05,CDLRICKSHAWMAN_Bull,5.0
244,244,2019-10-09,8593.16,8697.56,8132.74,8191.87,47097.59,398201725.27,CDLHIKKAKE_Bull,1.0
245,245,2019-10-10,8596.57,8672.58,8466.13,8593.16,29187.08,250267419.87,CDLRICKSHAWMAN_Bull,5.0
246,246,2019-10-11,8278.05,8834.11,8259.77,8596.57,38612.05,326882172.42,CDLCLOSINGMARUBOZU_Bear,1.0
247,247,2019-10-12,8316.66,8439.44,8272.12,8278.05,11037.58,92609964.73,NO_PATTERN,0.0
248,248,2019-10-13,8296.34,8498.59,8194.16,8316.66,20190.99,168896951.15,CDLRICKSHAWMAN_Bull,5.0
249,249,2019-10-14,8363.94,8414.24,8228.06,8296.34,17507.78,146015532.85,NO_PATTERN,0.0
250,250,2019-10-15,8173.48,8439.31,8116.92,8363.94,24899.11,205674618.32,NO_PATTERN,0.0
251,251,2019-10-16,8014.39,8193.41,7945.77,8173.48,34102.92,274670310.13,NO_PATTERN,0.0
252,252,2019-10-17,8082.46,8145.5,7948.95,8014.39,21657.02,175172893.7,NO_PATTERN,0.0
253,253,2019-10-18,7972.62,8157.36,7850.66,8082.46,27732.54,221065928.44,NO_PATTERN,0.0
254,254,2019-10-19,7973.63,8108.69,7919.05,7972.62,17875.39,143202359.39,CDLRICKSHAWMAN_Bull,5.0
255,255,2019-10-20,8247.25,8326.13,7911.49,7973.63,25287.68,205394286.06,NO_PATTERN,0.0
256,256,2019-10-21,8223.25,8359.52,8177.11,8247.25,22831.65,188511539.86,CDLRICKSHAWMAN_Bull,4.0
257,257,2019-10-22,8034.5,8318.41,8021.36,8223.25,24453.79,200593851.39,CDLCLOSINGMARUBOZU_Bear,1.0
258,258,2019-10-23,7479.54,8071.8,7336.06,8034.5,60122.39,457672451.42,NO_PATTERN,0.0
259,259,2019-10-24,7444.2,7524.31,7370.13,7479.54,28580.18,213663114.76,CDLSPINNINGTOP_Bear,1.0
260,260,2019-10-25,8671.1,8783.85,7431.2,7444.2,79777.72,656574822.36,CDLBELTHOLD_Bull,2.0
261,261,2019-10-26,9258.98,10380.48,8654.84,8671.1,154648.62,1457875080.4,CDLBELTHOLD_Bull,1.0
262,262,2019-10-27,9550.6,9805.42,9114.58,9258.98,64673.13,614726341.04,NO_PATTERN,0.0
263,263,2019-10-28,9222.23,9934.71,9201.49,9550.6,54907.49,522287119.66,CDLHIKKAKE_Bear,1.0
264,264,2019-10-29,9432.86,9565.11,9099.36,9222.23,40284.46,377872980.92,NO_PATTERN,0.0
265,265,2019-10-30,9169.86,9441.8,9018.3,9432.86,34376.01,315824657.23,NO_PATTERN,0.0
266,266,2019-10-31,9157.52,9423.16,8972.0,9169.86,35891.86,329788397.17,CDLMATCHINGLOW_Bull,6.0
267,267,2019-11-01,9260.59,9308.62,9072.62,9157.52,27365.39,251360754.52,NO_PATTERN,0.0
268,268,2019-11-02,9311.99,9400.44,9223.46,9260.59,17135.45,159847329.63,CDLLONGLEGGEDDOJI_Bull,4.0
269,269,2019-11-03,9221.61,9396.1,9108.22,9311.99,15670.3,144662760.99,NO_PATTERN,0.0
270,270,2019-11-04,9421.54,9578.74,9141.0,9221.61,29435.09,275923701.7,NO_PATTERN,0.0
271,271,2019-11-05,9323.61,9495.36,9196.64,9421.54,24971.55,233491267.4,NO_PATTERN,0.0
272,272,2019-11-06,9347.27,9455.53,9269.82,9323.61,22338.76,208985449.5,CDLRICKSHAWMAN_Bull,5.0
273,273,2019-11-07,9208.52,9382.63,9114.14,9347.27,21322.07,196879610.6,CDLBELTHOLD_Bear,2.0
274,274,2019-11-08,8772.31,9263.83,8682.74,9208.52,41674.91,371135404.96,NO_PATTERN,0.0
275,275,2019-11-09,8822.19,8881.08,8732.62,8772.31,13145.33,116025279.26,NO_PATTERN,0.0
276,276,2019-11-10,9045.85,9126.98,8767.94,8822.19,18134.09,162649216.87,CDLHIKKAKE_Bear,1.0
277,277,2019-11-11,8726.31,9084.49,8619.78,9045.85,25750.4,226035620.33,CDLHIKKAKE_Bear,1.0
278,278,2019-11-12,8815.14,8868.85,8576.09,8726.31,22305.54,194901130.1,NO_PATTERN,0.0
279,279,2019-11-13,8773.82,8840.33,8721.68,8815.14,15828.57,138900524.48,NO_PATTERN,0.0
280,280,2019-11-14,8640.42,8811.04,8584.92,8773.82,18999.7,164630654.03,CDLHIKKAKE_Bull,1.0
281,281,2019-11-15,8468.57,8773.4,8393.29,8640.42,31281.14,267441968.16,NO_PATTERN,0.0
282,282,2019-11-16,8498.94,8539.42,8442.03,8468.57,9355.13,79597461.02,NO_PATTERN,0.0
283,283,2019-11-17,8515.28,8641.12,8411.3,8498.94,14296.75,122271717.68,CDLRICKSHAWMAN_Bull,5.0
284,284,2019-11-18,8190.16,8537.87,8075.63,8515.28,30048.32,250358969.38,CDLBELTHOLD_Bear,1.0
285,285,2019-11-19,8133.57,8215.95,8016.54,8190.16,24402.6,198180594.35,NO_PATTERN,0.0
286,286,2019-11-20,8093.6,8232.23,8047.73,8133.57,18105.11,147086043.41,CDLSPINNINGTOP_Bear,1.0
287,287,2019-11-21,7632.59,8133.73,7437.33,8093.6,45760.44,354377783.29,NO_PATTERN,0.0
288,288,2019-11-22,7292.2,7721.9,6815.03,7632.59,94065.31,680349857.19,NO_PATTERN,0.0
289,289,2019-11-23,7339.24,7368.18,7119.41,7292.2,25474.86,185099411.4,NO_PATTERN,0.0
290,290,2019-11-24,6930.09,7364.59,6888.89,7339.24,35108.24,249710266.27,CDLBELTHOLD_Bear,2.0
291,291,2019-11-25,7138.23,7386.06,6560.13,6930.09,85742.76,596056755.83,NO_PATTERN,0.0
292,292,2019-11-26,7170.11,7350.44,7042.5,7138.23,36264.64,259675008.66,CDLRICKSHAWMAN_Bull,5.0
293,293,2019-11-27,7531.5,7681.51,6873.1,7170.11,66406.48,485895588.26,CDLHIKKAKE_Bull,1.0
294,294,2019-11-28,7442.33,7663.45,7388.79,7531.5,29886.7,225350756.08,NO_PATTERN,0.0
295,295,2019-11-29,7769.38,7872.17,7425.49,7442.33,37243.54,285280637.6,CDLBELTHOLD_Bull,2.0
296,296,2019-11-30,7571.77,7821.01,7487.1,7769.38,24778.5,189533166.63,NO_PATTERN,0.0
297,297,2019-12-01,7420.53,7575.5,7261.95,7571.77,30676.77,226245528.68,CDLHAMMER_Bull,2.0
298,298,2019-12-02,7320.94,7442.62,7193.09,7420.53,25163.31,184009273.35,CDLHAMMER_Bull,1.0
299,299,2019-12-03,7313.64,7420.34,7260.93,7320.94,18521.73,135997337.7,CDLMATCHINGLOW_Bull,6.0
300,300,2019-12-04,7207.78,7764.68,7110.76,7313.64,49046.2,360525572.37,NO_PATTERN,0.0
301,301,2019-12-05,7406.75,7492.96,7175.85,7207.78,30054.36,220875659.79,CDLBELTHOLD_Bull,1.0
302,302,2019-12-06,7558.58,7607.79,7323.86,7406.75,28169.83,209851296.57,CDLHIKKAKE_Bear,1.0
303,303,2019-12-07,7514.86,7640.51,7503.1,7558.58,14093.87,106572219.77,NO_PATTERN,0.0
304,304,2019-12-08,7539.7,7594.8,7414.51,7514.86,15949.09,120000308.79,CDLRICKSHAWMAN_Bull,5.0
305,305,2019-12-09,7350.62,7667.04,7296.42,7539.7,35089.72,262161330.42,NO_PATTERN,0.0
306,306,2019-12-10,7233.84,7403.64,7176.42,7350.62,23348.59,170419385.84,NO_PATTERN,0.0
307,307,2019-12-11,7212.01,7284.74,7167.13,7233.84,19799.94,143267855.45,CDLRICKSHAWMAN_Bull,5.0
308,308,2019-12-12,7199.39,7307.96,7105.35,7212.01,28003.83,201666958.32,CDLRICKSHAWMAN_Bull,5.0
309,309,2019-12-13,7261.72,7308.08,7199.39,7199.39,18725.31,135777984.61,NO_PATTERN,0.0
310,310,2019-12-14,7080.29,7283.78,7033.14,7261.72,15624.21,111796861.42,CDLBELTHOLD_Bear,1.0
311,311,2019-12-15,7132.39,7204.93,7030.37,7080.29,15972.7,113742866.17,NO_PATTERN,0.0
312,312,2019-12-16,6897.33,7172.46,6869.19,7132.39,39619.58,278223344.11,NO_PATTERN,0.0
313,313,2019-12-17,6635.84,6948.12,6585.46,6897.33,46023.51,310739632.42,NO_PATTERN,0.0
314,314,2019-12-18,7294.53,7442.26,6450.69,6635.84,71573.09,491429584.47,NO_PATTERN,0.0
315,315,2019-12-19,7159.26,7376.98,7057.66,7294.53,34799.1,249541907.16,NO_PATTERN,0.0
316,316,2019-12-20,7203.41,7234.56,7094.06,7159.26,23556.25,168963964.55,NO_PATTERN,0.0
317,317,2019-12-21,7159.47,7213.86,7132.82,7203.41,12101.12,86864836.52,NO_PATTERN,0.0
318,318,2019-12-22,7517.58,7527.4,7143.17,7159.47,27325.26,200586646.53,CDLBELTHOLD_Bull,5.0
319,319,2019-12-23,7326.6,7694.65,7275.28,7517.58,44770.93,336425000.06,NO_PATTERN,0.0
320,320,2019-12-24,7260.91,7429.42,7175.5,7326.6,27770.75,203013413.87,CDLSPINNINGTOP_Bear,1.0
321,321,2019-12-25,7202.72,7280.52,7132.3,7260.91,15012.21,108513256.34,CDLHAMMER_Bull,1.0
322,322,2019-12-26,7207.23,7442.21,7167.44,7202.72,23254.3,169067214.27,CDLLONGLEGGEDDOJI_Bull,4.0
323,323,2019-12-27,7253.82,7267.46,7061.61,7207.23,25489.38,183588691.22,CDLHAMMER_Bull,1.0
324,324,2019-12-28,7316.23,7368.09,7253.61,7253.82,14542.71,106581355.23,NO_PATTERN,0.0
325,325,2019-12-29,7399.49,7540.65,7295.33,7316.23,18230.94,135257936.53,NO_PATTERN,0.0
326,326,2019-12-30,7234.44,7414.07,7224.79,7399.49,23030.92,168180498.67,CDLCLOSINGMARUBOZU_Bear,3.0
327,327,2019-12-31,7183.88,7325.24,7141.94,7234.44,19424.26,140384995.27,NO_PATTERN,0.0
328,328,2020-01-01,7189.94,7267.16,7171.82,7183.88,11872.0,85986188.11,CDLRICKSHAWMAN_Bull,5.0
329,329,2020-01-02,6965.72,7224.84,6945.83,7189.94,26531.32,187393954.35,CDLCLOSINGMARUBOZU_Bear,2.0
330,330,2020-01-03,7339.7,7407.11,6882.62,6965.72,51975.01,376690440.38,CDLHIKKAKE_Bull,1.0
331,331,2020-01-04,7357.5,7405.75,7278.6,7339.7,22083.57,162106895.05,CDLRICKSHAWMAN_Bull,5.0
332,332,2020-01-05,7359.96,7501.42,7330.07,7357.5,24084.13,179147746.87,CDLLONGLEGGEDDOJI_Bull,5.0
333,333,2020-01-06,7762.69,7799.63,7355.11,7359.96,46443.66,352286216.6,CDLBELTHOLD_Bull,1.0
334,334,2020-01-07,8160.36,8218.63,7736.57,7762.69,75423.75,600054472.25,NO_PATTERN,0.0
335,335,2020-01-08,8045.15,8458.65,7873.97,8160.36,85087.59,699004342.7,CDLSPINNINGTOP_Bear,1.0
336,336,2020-01-09,7817.35,8047.11,7757.04,8045.15,40045.64,316199456.84,CDLBELTHOLD_Bear,1.0
337,337,2020-01-10,8190.31,8192.05,7682.56,7817.35,55534.09,441131626.25,CDLCLOSINGMARUBOZU_Bull,1.0
338,338,2020-01-11,8024.58,8287.42,8003.87,8190.31,30734.63,250060123.9,NO_PATTERN,0.0
339,339,2020-01-12,8181.49,8185.14,7968.4,8024.58,17525.61,142197585.82,NO_PATTERN,0.0
340,340,2020-01-13,8106.56,8200.4,8057.37,8181.49,22746.0,184437465.66,NO_PATTERN,0.0
341,341,2020-01-14,8820.95,8874.07,8106.4,8106.56,89444.78,768098459.01,CDLBELTHOLD_Bull,1.0
342,342,2020-01-15,8813.21,8890.04,8559.93,8820.95,50394.79,441186933.78,CDLLONGLEGGEDDOJI_Bull,4.0
343,343,2020-01-16,8719.63,8846.78,8586.56,8813.21,33539.82,290989712.92,NO_PATTERN,0.0
344,344,2020-01-17,8894.83,9004.35,8665.99,8719.63,48787.4,432856377.78,CDLHIKKAKE_Bear,1.0
345,345,2020-01-18,8909.28,8974.65,8807.26,8894.83,19872.9,176837362.25,CDLRICKSHAWMAN_Bull,5.0
346,346,2020-01-19,8702.59,9177.39,8508.15,8909.28,47750.9,421483277.31,NO_PATTERN,0.0
347,347,2020-01-20,8634.03,8737.36,8521.52,8702.59,21888.47,189247381.47,NO_PATTERN,0.0
348,348,2020-01-21,8724.84,8771.75,8479.9,8634.03,22731.19,196404470.17,NO_PATTERN,0.0
349,349,2020-01-22,8667.26,8793.74,8582.43,8724.84,17278.13,149906743.85,CDLSPINNINGTOP_Bear,1.0
350,350,2020-01-23,8394.28,8680.93,8290.98,8667.26,38348.08,323273085.37,CDLBELTHOLD_Bear,1.0
351,351,2020-01-24,8431.78,8517.5,8225.83,8394.28,27811.03,233502998.73,CDLHIGHWAVE_Bull,2.0
352,352,2020-01-25,8345.88,8444.32,8263.42,8431.78,14296.82,119345600.29,NO_PATTERN,0.0
353,353,2020-01-26,8602.37,8605.33,8302.57,8345.88,22444.54,189985702.21,CDLCLOSINGMARUBOZU_Bull,2.0
354,354,2020-01-27,8898.94,8991.01,8572.37,8602.37,37524.75,329416202.64,CDLBELTHOLD_Bull,1.0
355,355,2020-01-28,9391.97,9407.39,8892.58,8898.94,51850.54,471220882.55,CDLBELTHOLD_Bull,3.0
356,356,2020-01-29,9286.18,9429.16,9234.27,9391.97,36978.22,345265419.21,NO_PATTERN,0.0
357,357,2020-01-30,9501.38,9561.26,9181.72,9286.18,45852.79,430815723.66,NO_PATTERN,0.0
358,358,2020-01-31,9342.23,9518.87,9208.36,9501.38,31334.26,292627757.98,NO_PATTERN,0.0
359,359,2020-02-01,9384.45,9455.92,9296.57,9342.23,14778.25,138614091.6,CDLSPINNINGTOP_Bull,1.0
360,360,2020-02-02,9334.25,9469.84,9169.21,9384.45,24059.37,225322638.39,CDLSPINNINGTOP_Bear,1.0
361,361,2020-02-03,9288.96,9605.66,9230.83,9334.25,33363.87,312315107.48,CDLSPINNINGTOP_Bear,1.0
362,362,2020-02-04,9171.98,9347.12,9089.52,9288.96,26614.92,244997961.95,NO_PATTERN,0.0
363,363,2020-02-05,9611.42,9750.28,9162.98,9171.98,47150.99,448381299.88,CDLBELTHOLD_Bull,1.0
364,364,2020-02-06,9755.84,9853.08,9533.37,9611.42,42264.62,410313693.85,NO_PATTERN,0.0
365,365,2020-02-07,9753.94,9866.18,9714.16,9755.84,23182.59,226729970.87,CDLRICKSHAWMAN_Bull,5.0
